first_name,last_name,gender,DOB,past_3_years_bike_related_purchases,property_valuation,job_title,job_industry_category,address,state
Chickie,Brister,Male,1957-07-12,86,6,General Manager,Manufacturing,45 Shopko Center,QLD
Rockwell,Matson,Male,1995-01-01,94,6,Programmer Analyst I,Retail,3682 Crowley Point,QLD
Dukie,Swire,Male,1954-03-31,88,8,,Manufacturing,64 Granby Parkway,NSW
Winnifred,Beswetherick,Female,1976-06-08,83,10,Actuary,Financial Services,61 4th Street,VIC
Brena,Schnitter,Female,1982-10-11,78,5,Account Executive,Manufacturing,67 Shelley Street,QLD
Blinnie,Roze,Female,1960-12-10,84,7,Librarian,Entertainment,44557 Rutledge Court,QLD
Sybilla,MacCart,Female,1987-01-15,88,7,Paralegal,Financial Services,74 Welch Pass,NSW
Farlie,Petford,Male,1968-03-25,76,10,Recruiting Manager,,2330 Butternut Trail,NSW
Neile,Argent,Female,1946-10-25,79,10,,Retail,2548 Arrowood Pass,NSW
Brooke,Arling,Male,1961-12-05,76,5,,,6 Melby Center,VIC
Odessa,Mc Andrew,Female,1981-12-01,97,10,,Property,31756 Meadow Valley Lane,NSW
Lavena,Seekings,Female,1995-03-25,87,10,Payment Adjustment Coordinator,Retail,293 Mayfield Street,VIC
Vivienne,Crayden,Female,1988-09-18,82,7,Associate Professor,,69 Algoma Center,QLD
Bessie,Roscow,Female,1994-08-04,78,10,GIS Technical Architect,Financial Services,4185 Florence Trail,NSW
Mabelle,Wellbelove,Female,1958-04-21,76,9,,Financial Services,800 Emmet Park,NSW
Ludovico,Juster,Male,1992-04-19,93,10,Environmental Specialist,,1 Talisman Avenue,NSW
Andromache,Bonafacino,Female,1977-09-01,84,9,,Retail,74 Carpenter Street,NSW
Levy,Abramamov,Male,1952-09-21,94,8,Teacher,,6776 Anderson Center,QLD
Franciska,Stigell,Female,1968-11-15,95,7,Food Chemist,Health,6 Anderson Junction,VIC
Teddy,Lagadu,Female,1969-07-20,86,8,Design Engineer,,2 Charing Cross Trail,NSW
Padraig,Snel,Male,1970-11-08,89,7,Staff Accountant II,,12683 Mifflin Point,NSW
Malorie,Votier,Female,1990-05-29,90,5,Graphic Designer,Manufacturing,6160 Weeping Birch Hill,QLD
My,Chaston,Male,1966-07-16,92,9,Desktop Support Technician,Manufacturing,74613 Northport Park,VIC
Tyne,Coate,Female,1965-07-15,82,8,Developer II,Manufacturing,90820 Thackeray Street,NSW
Tessa,Friese,Female,1976-10-24,89,9,Health Coach II,Financial Services,98158 Alpine Point,QLD
Regine,Bownes,Female,1952-07-01,99,9,Senior Developer,Retail,255 Loeprich Lane,VIC
Devonne,Alderwick,Female,1939-01-29,79,7,Research Associate,,534 Lien Lane,VIC
Iain,Haversham,Male,1950-12-26,92,10,Sales Representative,Retail,170 Briar Crest Place,NSW
Dorian,Rustman,Male,1974-12-09,78,7,Junior Executive,Manufacturing,6156 Summit Center,QLD
Engracia,Dobbs,Female,1959-04-19,84,8,,Health,72 Eliot Place,NSW
Abbie,Oldman,Male,1983-11-26,82,8,,Health,4 North Drive,NSW
Vittorio,Boxen,Male,1965-08-15,94,9,Mechanical Systems Engineer,,3 Anthes Court,NSW
Latrena,Walklate,Female,1943-10-05,97,8,Mechanical Systems Engineer,Telecommunications,87 Sheridan Junction,NSW
Robenia,Monks,Female,1959-05-08,94,9,Nurse Practicioner,Manufacturing,8 Fieldstone Street,QLD
Sunny,Christescu,Female,1975-03-12,90,10,Cost Accountant,Financial Services,6668 Blue Bill Park Plaza,NSW
Celeste,Fretson,Female,1980-09-16,91,9,Product Engineer,IT,14709 Portage Avenue,NSW
Bogey,Attew,Male,1992-11-18,88,9,Software Engineer II,IT,4 Monterey Road,QLD
Gerri,Schimann,Female,1969-11-17,81,8,Desktop Support Technician,Property,47 Kim Terrace,NSW
Antonietta,Egle,Female,1973-09-25,82,7,Actuary,Financial Services,590 Hagan Parkway,VIC
Lark,Gonet,Female,1972-01-17,89,8,Database Administrator II,Health,261 Orin Center,NSW
Cletis,Longley,Male,1996-07-01,84,7,Chemical Engineer,Manufacturing,667 Waxwing Plaza,VIC
Theresa,Cowper,Female,1976-08-24,99,10,Accountant III,Manufacturing,88 Mifflin Pass,NSW
Becka,Hacon,Female,1965-07-03,81,9,General Manager,Financial Services,1 Namekagon Point,VIC
Dexter,Shutle,Male,1959-01-05,81,7,Quality Control Specialist,,07 Dayton Court,QLD
Konstanze,Hovie,Female,1967-01-09,88,7,Pharmacist,Health,351 Sunfield Lane,QLD
Giana,Staresmeare,Female,1976-04-20,96,7,Account Representative IV,Retail,8737 Scoville Center,NSW
Dimitri,Tribbeck,Male,1958-12-07,89,6,Chief Design Engineer,,93235 Hoard Trail,VIC
Shelli,Bartholomaus,Female,1963-05-11,88,7,Associate Professor,Health,356 Carberry Avenue,VIC
Geoff,Sitford,Male,1965-02-27,97,8,Account Executive,Financial Services,7 Elgar Road,NSW
Ange,Chitham,Female,1991-02-14,91,8,,Argiculture,00003 Hoffman Pass,NSW
Daisy,Pollen,Female,1993-08-09,97,9,Cost Accountant,Financial Services,61825 Debs Terrace,VIC
Brynna,Tivers,Female,1974-08-09,81,7,Recruiting Manager,Financial Services,0 Mayfield Parkway,QLD
Roch,Symson,Female,1978-05-13,96,9,Office Assistant I,Manufacturing,016 Westport Park,VIC
Zach,Hedman,Male,1981-09-11,87,9,Analyst Programmer,Financial Services,62 Spaight Center,NSW
Paxon,Roomes,Male,1976-11-06,78,7,Information Systems Manager,,3 Express Lane,VIC
Aldridge,Poskitt,Male,1982-02-10,84,5,VP Sales,,7 Fordem Point,QLD
Haskell,Moxted,Male,1943-08-27,81,9,Civil Engineer,Manufacturing,2941 Talisman Alley,NSW
Kylynn,Drowsfield,Female,1975-03-28,80,9,Editor,,5 Trailsway Avenue,VIC
Tannie,Petrakov,Male,1951-11-27,84,6,Data Coordiator,IT,691 Valley Edge Alley,QLD
Pace,Clemonts,Male,1990-07-28,99,7,Media Manager IV,Retail,335 Cambridge Hill,VIC
Daisi,Tinwell,Female,1971-12-24,84,8,Business Systems Development Analyst,Financial Services,19561 Express Street,NSW
Arty,Strudwick,Male,1964-01-31,85,10,Data Coordiator,Health,62 Melrose Court,NSW
Palmer,Heaven,Male,1995-05-18,82,6,Staff Scientist,Financial Services,5 Hoard Parkway,VIC
Tamar,Windmill,Female,1939-08-28,92,10,Senior Editor,Manufacturing,4669 Troy Place,NSW
Nora,Anselm,Female,1961-01-05,84,5,,Entertainment,2 Emmet Parkway,QLD
Otha,Langworthy,Female,1967-01-20,91,10,Senior Financial Analyst,Financial Services,678 Lyons Trail,VIC
Marcelia,Copins,Female,1946-03-15,81,8,,,330 Melby Terrace,NSW
Salomon,Perkins,Male,1998-01-12,76,10,Engineer IV,Financial Services,45 Banding Hill,NSW
Etan,Prinett,Male,1970-01-21,97,8,Operator,Argiculture,9082 Waywood Avenue,NSW
Harwell,Kleinstein,Male,1993-10-18,87,5,Sales Representative,Retail,7 Huxley Trail,VIC
Jobie,Runacres,Female,1975-01-08,96,7,Developer IV,,24960 Shopko Crossing,NSW
Johna,Bunker,U,,93,6,Tax Accountant,IT,3686 Waubesa Way,VIC
Melany,Ladewig,Female,1972-05-17,76,7,Research Associate,Financial Services,3864 Sheridan Alley,QLD
Torry,de la Valette Parisot,Male,1967-03-14,95,9,VP Marketing,Telecommunications,36963 Pierstorff Terrace,VIC
Irvine,Headon,Male,1956-04-21,99,5,Geologist III,IT,9 Hovde Way,NSW
Aloysius,Killingsworth,Male,1957-02-14,89,9,VP Quality Control,,625 Mandrake Junction,NSW
Huberto,Mollatt,Male,1961-08-27,82,7,Programmer IV,,31121 Pierstorff Center,NSW
Anthony,Lindstrom,Male,1997-11-01,86,10,Geologist IV,Financial Services,427 Oak Avenue,NSW
Cliff,Philipsson,Male,1967-02-02,82,10,Structural Analysis Engineer,Argiculture,600 Artisan Drive,VIC
Fredia,Favelle,Female,1974-08-29,94,8,Teacher,,4 Arapahoe Terrace,QLD
Adriane,Richardson,Female,1976-03-10,81,8,Data Coordiator,Manufacturing,4 Randy Street,VIC
Zabrina,Margram,Female,1964-05-15,87,8,,Manufacturing,1092 Kinsman Parkway,QLD
Sofie,Worsfold,Female,1954-10-06,87,6,Environmental Tech,Retail,7 Maple Wood Plaza,QLD
Perry,Whitehurst,Male,1980-05-29,79,7,Structural Engineer,Manufacturing,0 Nelson Crossing,VIC
Nico,Chadwick,Male,1953-05-24,97,8,Research Assistant IV,Financial Services,355 Roxbury Lane,VIC
Donn,MacGregor,Male,1965-04-22,80,10,Civil Engineer,Manufacturing,0439 Mandrake Park,NSW
Laurel,Devennie,Female,1976-09-25,78,5,VP Product Management,Manufacturing,069 Hoard Pass,QLD
Sammy,Borsi,Female,1972-04-27,99,7,Accountant III,Financial Services,0 Kipling Way,NSW
Reiko,Degenhardt,Female,1976-01-16,83,6,Financial Analyst,Financial Services,50897 Northfield Road,QLD
Jacqui,Devey,Female,1995-10-01,79,8,Analyst Programmer,Financial Services,656 Kennedy Crossing,NSW
Kamila,Parsonage,Female,1954-03-08,80,8,,Property,31 Mccormick Court,QLD
Olive,Mozzi,Female,1955-07-06,87,9,Account Representative IV,Retail,26667 Rigney Place,NSW
Esdras,Birchett,Male,1950-12-09,81,9,Assistant Media Planner,Entertainment,5287 Clarendon Plaza,NSW
Kiley,Grunder,Male,1994-04-17,95,8,Cost Accountant,Financial Services,17393 Colorado Hill,QLD
Ethelred,Sissel,Male,1974-12-25,83,8,Programmer Analyst IV,Health,65 Rutledge Parkway,NSW
Jamal,Dudgeon,Male,1965-02-09,83,5,Mechanical Systems Engineer,Financial Services,2712 Namekagon Crossing,VIC
Garreth,Minett,Male,1961-05-23,93,7,Physical Therapy Assistant,,21667 Randy Crossing,VIC
Maximilian,Geffen,Male,1955-07-13,96,8,Automation Specialist III,Manufacturing,8634 Wayridge Pass,NSW
Ajay,Worham,Female,1979-09-30,80,6,Computer Systems Analyst I,Manufacturing,5 Homewood Road,NSW
Dorian,Emery,Female,1998-08-24,94,8,Professor,Manufacturing,67 Beilfuss Plaza,NSW
Ardis,Taree,Female,1960-04-12,97,9,Chemical Engineer,Manufacturing,0 Emmet Trail,QLD
Lissa,Gawn,Female,1962-09-21,86,5,Legal Assistant,Health,14183 Iowa Center,QLD
Kearney,Cuddehy,Male,1997-05-18,88,6,Marketing Assistant,Retail,98 Shoshone Road,QLD
Shellysheldon,Bichard,Male,1954-01-06,96,5,Desktop Support Technician,Financial Services,7199 Springview Parkway,QLD
Menard,Venmore,Male,1978-04-04,97,10,Assistant Professor,Retail,5 Hoard Trail,NSW
Nady,Withinshaw,Female,1968-02-17,96,7,Database Administrator III,,7 Brentwood Circle,QLD
Wolf,Craft,Male,1995-07-19,93,9,Database Administrator III,Retail,7513 Swallow Drive,NSW
Leticia,Hovenden,Female,1997-04-03,98,9,Mechanical Systems Engineer,Retail,54782 Lake View Parkway,VIC
Caritta,Compston,Female,1958-04-25,86,5,Geological Engineer,Manufacturing,48971 Marquette Point,VIC
Giselbert,Pickring,Male,1959-07-28,94,8,Tax Accountant,Manufacturing,653 2nd Park,NSW
Wylie,Huntingdon,Male,1966-08-11,99,8,VP Quality Control,Financial Services,08822 Duke Road,NSW
Maurizia,Ritmeyer,Female,1980-04-09,95,6,Teacher,Entertainment,0 Express Lane,NSW
Patrice,Pariss,Male,1954-06-15,96,5,VP Accounting,Financial Services,3745 Thierer Trail,QLD
Gardiner,Gypps,Male,1991-06-01,91,9,VP Product Management,Retail,1 Elgar Alley,NSW
Ferdinand,Billie,Male,1965-09-04,97,8,Chemical Engineer,Manufacturing,660 Carey Avenue,NSW
Bertine,Smalles,Female,1983-12-10,85,8,VP Quality Control,Financial Services,7 Johnson Hill,VIC
Hallsy,Voysey,Male,1970-03-11,83,9,Business Systems Development Analyst,,9 Westerfield Point,VIC
Killie,Densie,Male,1997-03-28,87,10,Environmental Tech,IT,62 Dryden Junction,NSW
Kylila,Basezzi,Female,1945-06-11,94,9,Assistant Manager,,64 Armistice Point,QLD
Tomaso,Horsley,Male,2001-04-16,97,6,Junior Executive,Financial Services,70360 Onsgard Plaza,VIC
Mikol,Eck,Male,1975-07-25,99,9,VP Marketing,Financial Services,15621 Twin Pines Crossing,QLD
Glenda,Eliet,Female,1974-06-17,87,7,Quality Control Specialist,,1 Fordem Way,VIC
Darb,,Male,1969-06-04,80,5,Food Chemist,Health,780 Bonner Pass,QLD
Hagen,MacCarter,Male,1983-02-08,93,9,,Entertainment,7 Ramsey Trail,VIC
Andrea,Pendle,Female,1938-08-05,86,6,,,31281 Meadow Valley Way,QLD
Juliann,Siemantel,Female,1947-12-15,86,8,Librarian,Entertainment,28 Parkside Park,VIC
Calhoun,Mussington,Male,1992-10-13,98,9,Dental Hygienist,Health,176 Fallview Plaza,NSW
Rafi,Brettelle,Male,1956-08-12,89,10,Operator,Health,11 Brickson Park Alley,NSW
Eachelle,Noirel,Female,1974-01-26,93,6,Registered Nurse,Health,80 Schiller Center,NSW
Cordie,Brankley,Female,1954-09-21,79,6,Librarian,Entertainment,46 Westerfield Place,NSW
Ansell,Tolhurst,Male,1949-08-11,77,10,Chemical Engineer,Manufacturing,13 Montana Place,NSW
Darlleen,Shalcras,Female,1980-09-14,77,10,Health Coach I,Health,383 Graceland Avenue,NSW
Bryon,Goundry,Male,1951-02-05,79,5,Marketing Manager,Manufacturing,005 Kensington Street,QLD
Sloan,Pudney,Male,1964-11-10,83,9,Junior Executive,Financial Services,6771 Pleasure Terrace,QLD
Davie,Blay,Male,1985-12-19,94,7,Financial Analyst,Financial Services,7021 5th Alley,NSW
Meade,McReedy,Female,1968-11-23,94,10,Safety Technician IV,Financial Services,04153 Johnson Point,NSW
Keelby,Sudlow,Male,1988-09-01,96,8,Marketing Assistant,Manufacturing,8042 Cherokee Court,VIC
Jared,Fendlow,Male,1963-08-25,79,7,Media Manager II,Financial Services,6195 Bellgrove Lane,QLD
Andy,Deeming,Male,1979-01-09,79,8,Payment Adjustment Coordinator,Manufacturing,63386 Talisman Hill,QLD
Ginger,,Male,1939-02-19,94,8,Human Resources Manager,,160 Fremont Point,NSW
Catha,Davitt,Female,1958-04-16,79,7,Environmental Specialist,Property,192 South Junction,NSW
Markus,Pendrey,Male,1959-08-01,88,10,Clinical Specialist,Health,2382 Anthes Crossing,NSW
Clarine,Piecha,Female,1964-12-07,99,10,Dental Hygienist,Health,7523 Eggendart Hill,QLD
Clemmie,Bartoszewicz,Female,1958-07-28,87,9,Statistician IV,Financial Services,727 Morrow Parkway,VIC
Rodolphe,Glenton,Male,1974-09-28,88,7,Programmer Analyst II,Financial Services,4787 Golf Terrace,VIC
Denny,Spleving,Female,1973-05-13,84,8,Business Systems Development Analyst,Manufacturing,85420 Myrtle Road,NSW
Olia,O' Mullan,Female,1973-03-24,77,7,Account Executive,Health,6315 Mendota Parkway,NSW
Launce,Gale,Male,1939-01-15,86,9,,,4 Fordem Avenue,NSW
Joane,Caldes,Female,1978-03-17,84,7,Senior Cost Accountant,Financial Services,42 3rd Plaza,NSW
Kizzee,Agget,Female,1976-07-25,98,10,Statistician II,Manufacturing,122 Marcy Park,NSW
Eugenie,Brinson,Female,1963-08-10,79,6,Assistant Media Planner,Entertainment,7109 Grayhawk Avenue,VIC
Colas,Gabbitas,Male,1946-09-09,98,9,Staff Scientist,Retail,3094 Elka Place,NSW
Harland,Messenger,Male,1974-05-28,90,10,Software Test Engineer I,Retail,27 Crownhardt Center,VIC
Sim,Constantinou,Male,1992-08-09,91,9,Analog Circuit Design manager,Property,41002 Loomis Park,NSW
Rhodie,Gaskall,Female,1964-02-01,83,9,VP Quality Control,,251 Pierstorff Alley,QLD
Afton,Andrassy,Female,1998-10-14,78,8,Web Designer II,Retail,220 Cody Alley,VIC
Don,Spratling,Male,1969-01-05,82,10,Associate Professor,Property,078 Erie Point,NSW
Ellwood,Budden,Male,1998-06-03,82,10,,Health,79907 Randy Center,NSW
Artemis,Swanson,Male,1977-02-12,77,5,Web Designer II,Argiculture,5 Melvin Park,VIC
Pauline,Dallosso,U,,82,10,Desktop Support Technician,IT,9594 Badeau Street,NSW
Kellen,Pawelski,Female,1945-07-26,83,8,,Manufacturing,125 Manufacturers Parkway,NSW
